Pid,Gender,Age,Pclass,Boarded,Sib-Sp,Par-ch,Fare,Survived
691,male,22,3,Southampton,1,0,7.25,0
90,female,35,1,Cherbourg,1,0,71.2833,1
865,female,26,3,Southampton,0,0,7.925,1
127,female,35,1,Southampton,1,0,53.1,1
627,male,35,3,Southampton,0,0,8.05,0
785,male,22,3,Queenstown,0,0,8.4583,0
200,male,54,1,Southampton,0,0,51.8625,0
1108,male,2,3,Southampton,3,1,21.075,0
902,female,26,3,Southampton,0,2,11.1333,1
520,female,14,2,Cherbourg,1,0,30.0708,1
1193,female,4,3,Southampton,1,1,16.7,1
35,female,61,1,Southampton,0,0,26.55,1
1196,male,19,3,Southampton,0,0,8.05,0
632,male,39,3,Southampton,1,5,31.275,0
1286,female,14,3,Southampton,0,0,7.8542,0
446,female,56,2,Southampton,0,0,16,1
1151,male,2,3,Queenstown,4,1,29.125,0
604,male,23,2,Southampton,0,0,13,1
1280,female,31,3,Southampton,1,0,18,0
1053,female,22,3,Cherbourg,0,0,7.225,1
416,male,35,2,Southampton,0,0,26,0
346,male,34,2,Southampton,0,0,13,1
1014,female,16,3,Queenstown,0,0,8.0292,1
261,male,28,1,Southampton,0,0,35.5,1
1105,female,8,3,Southampton,3,1,21.075,0
649,female,38,3,Southampton,1,5,31.3875,1
1205,male,25,3,Cherbourg,0,0,7.225,0
118,male,19,1,Southampton,3,2,263,0
1086,female,25,3,Queenstown,0,0,7.8792,1
1258,male,23,3,Southampton,0,0,7.8958,0
302,male,40,1,Cherbourg,0,0,27.7208,0
275,female,45,1,Cherbourg,1,0,146.5208,1
826,female,19,3,Queenstown,0,0,7.75,1
600,male,66,2,Southampton,0,0,10.5,0
202,male,28,1,Cherbourg,1,0,82.1708,0
163,male,42,1,Southampton,1,0,52,0
998,male,20,3,Cherbourg,0,0,7.2292,1
712,male,21,3,Southampton,0,0,8.05,0
1281,female,18,3,Southampton,2,0,18,0
1071,female,14,3,Cherbourg,1,0,11.2417,1
619,female,40,3,Southampton,1,0,9.475,0
581,female,27,2,Southampton,1,0,21,0
946,male,18,3,Cherbourg,0,0,7.8958,0
487,female,3,2,Cherbourg,1,2,41.5792,1
778,female,19,3,Queenstown,0,0,7.8792,1
1159,male,29,3,Southampton,0,0,8.05,0
968,male,20,3,Queenstown,1,0,15.5,0
1085,female,24,3,Queenstown,0,0,7.75,1
1191,male,16,3,Cherbourg,2,0,21.6792,0
645,female,18,3,Southampton,1,0,17.8,0
1112,male,7,3,Southampton,4,1,39.6875,0
1076,male,21,3,Southampton,0,0,7.8,0
148,female,49,1,Cherbourg,1,0,76.7292,1
603,female,29,2,Southampton,1,0,26,1
220,male,64,1,Southampton,0,1,61.9792,0
324,male,45,1,Southampton,0,0,35.5,1
559,female,21,2,Southampton,0,0,10.5,1
1075,male,20,3,Cherbourg,0,0,7.2292,0
598,female,4,2,Southampton,1,2,27.75,1
835,male,13,3,Southampton,5,2,46.9,0
1209,male,22,3,Cherbourg,0,0,7.2292,0
284,female,38,1,Southampton,0,0,80,1
149,male,45,1,Southampton,1,0,83.475,0
1218,male,5,3,Southampton,3,2,27.9,0
282,male,54,1,Cherbourg,0,0,27.7208,0
1045,male,7,3,Cherbourg,1,1,15.2458,1
527,female,29,2,Southampton,0,0,10.5,1
746,male,19,3,Southampton,0,0,8.1583,0
639,female,17,3,Southampton,4,2,7.925,1
942,male,26,3,Southampton,2,0,8.6625,0
470,male,32,2,Southampton,0,0,10.5,0
833,female,16,3,Southampton,5,2,46.9,0
458,male,21,2,Southampton,0,0,73.5,0
724,male,26,3,Cherbourg,1,0,14.4542,0
960,male,32,3,Southampton,0,0,56.4958,1
1033,male,25,3,Southampton,0,0,7.65,0
1229,male,23,3,Southampton,0,0,7.8958,0
1043,male,28,3,Southampton,0,0,8.05,0
366,male,0.83,2,Southampton,0,2,29,1
786,female,31,3,Southampton,0,0,12.475,1
1288,male,22,3,Southampton,0,0,9,0
1199,male,29,3,Southampton,0,0,9.5,1
1011,female,31,3,Queenstown,0,0,7.7875,1
55,male,31,1,Southampton,0,0,47.1,0
464,female,17,2,Southampton,0,0,10.5,1
664,female,33,3,Southampton,3,0,15.85,1
817,male,16,3,Southampton,1,3,34.375,0
1221,male,20,3,Southampton,0,0,8.05,0
117,female,23,1,Southampton,3,2,263,1
719,male,24,3,Southampton,0,0,8.05,0
723,male,29,3,Southampton,0,0,8.05,0
642,male,20,3,Southampton,0,0,7.8542,0
69,male,46,1,Southampton,1,0,61.175,0
770,male,25,3,Southampton,1,2,20.575,0
745,male,59,3,Southampton,0,0,7.25,0
1207,male,22,3,Southampton,0,0,8.05,0
133,male,71,1,Cherbourg,0,0,34.6542,0
140,male,23,1,Cherbourg,0,1,63.3583,1
400,female,34,2,Southampton,0,1,23,1
472,male,34,2,Southampton,1,0,26,0
1130,female,28,3,Southampton,0,0,7.8958,0
1132,male,29,3,Southampton,0,0,7.8958,0
309,male,21,1,Southampton,0,1,77.2875,0
897,male,33,3,Southampton,0,0,8.6542,0
843,male,37,3,Southampton,2,0,7.925,0
1027,male,28,3,Southampton,0,0,7.8958,0
1186,female,21,3,Southampton,0,0,7.65,1
1041,male,29,3,Southampton,0,0,7.775,1
1144,male,38,3,Southampton,0,0,7.8958,0
1037,female,28,3,Queenstown,1,0,24.15,1
231,male,46,1,Southampton,0,0,52,0
884,female,16,3,Cherbourg,1,0,14.4542,0
676,male,22,3,Southampton,0,0,8.05,0
915,female,20,3,Southampton,1,0,9.825,0
659,female,17,3,Cherbourg,0,0,14.4583,0
1124,male,21,3,Southampton,0,0,7.925,0
735,male,61,3,Queenstown,0,0,7.75,0
580,male,29,2,Southampton,1,0,21,0
24,male,24,1,Cherbourg,0,1,247.5208,0
638,female,2,3,Southampton,4,2,31.275,0
449,male,20,2,Southampton,2,0,73.5,0
1036,male,19,3,Southampton,0,0,8.05,0
519,male,28,2,Cherbourg,1,0,30.0708,0
590,female,37,2,Southampton,0,0,13,1
308,male,54,1,Southampton,0,1,77.2875,0
1072,male,12,3,Cherbourg,1,0,11.2417,1
1016,male,20,3,Queenstown,0,0,7.75,0
993,male,24,3,Southampton,0,0,7.1417,1
703,female,2,3,Cherbourg,1,1,22.3583,1
796,male,45,3,Southampton,0,0,6.975,0
788,male,33,3,Cherbourg,0,0,7.8958,0
726,male,20,3,Southampton,0,0,7.05,0
1158,female,47,3,Southampton,1,0,14.5,0
592,female,37,2,Southampton,1,0,26,1
571,male,25,2,Southampton,0,0,13,0
552,male,23,2,Cherbourg,0,0,15.0458,0
216,female,19,1,Southampton,0,2,26.2833,1
126,male,37,1,Southampton,1,0,53.1,0
1103,male,16,3,Southampton,0,0,9.2167,0
142,male,24,1,Cherbourg,0,0,79.2,0
696,female,40,3,Cherbourg,0,2,15.2458,0
1077,female,22,3,Southampton,0,0,7.75,1
850,female,24,3,Southampton,1,0,15.85,1
699,male,19,3,Queenstown,0,0,6.75,0
329,male,17,2,Southampton,0,0,11.5,0
525,male,19,2,Southampton,1,1,36.75,0
1293,male,27,3,Southampton,0,0,7.7958,1
818,female,7,3,Southampton,2,2,34.375,0
521,male,32,2,Southampton,0,2,26,0
362,male,42,2,Southampton,0,0,13,0
338,male,51,2,Southampton,0,0,12.525,0
226,female,22,1,Southampton,1,0,66.6,1
1024,male,48,3,Southampton,0,0,8.05,0
1269,male,35,3,Southampton,0,2,14.5,0
1095,male,27,3,Southampton,0,0,7.3125,0
322,male,51,1,Cherbourg,0,1,61.3792,0
825,female,17,3,Queenstown,0,0,7.7333,1
740,male,30,3,Southampton,0,0,8.05,0
1222,male,37,3,Southampton,0,0,8.6625,0
1184,male,4,3,Southampton,8,2,69.55,0
747,male,44,3,Southampton,0,1,16.1,0
588,female,40,2,Southampton,0,0,15.75,1
678,male,26,3,Southampton,0,0,7.775,0
708,male,17,3,Southampton,0,0,8.6625,0
1114,male,1,3,Southampton,4,1,39.6875,0
829,male,9,3,Southampton,0,2,20.525,1
75,female,48,1,Southampton,0,1,55,1
1215,female,43,3,Southampton,1,4,27.9,0
22,male,60,1,Cherbourg,0,0,25.925,0
979,male,24,3,Southampton,0,0,56.4958,0
303,male,61,1,Belfast,0,0,33.5,0
1150,male,4,3,Queenstown,4,1,29.125,0
904,female,1,3,Southampton,1,1,11.1333,1
1212,male,21,3,Southampton,0,0,7.925,0
263,male,56,1,Cherbourg,0,0,30.6958,0
944,male,18,3,Southampton,1,1,7.8542,0
965,male,5,3,Southampton,3,1,25.4667,0
169,female,50,1,Cherbourg,0,0,28.7125,0
430,male,30,2,Southampton,0,0,13,0
970,male,36,3,Southampton,0,0,0,0
1183,female,7,3,Southampton,8,2,69.55,0
143,male,39,1,Cherbourg,0,0,15.05,0
651,male,9,3,Southampton,4,2,31.3875,0
345,male,1,2,Southampton,2,1,39,1
940,female,4,3,Southampton,0,2,22.025,1
239,male,38,1,Southampton,0,0,50,0
1080,female,26,3,Queenstown,1,0,15.5,1
238,male,45,1,Southampton,0,0,26.55,1
684,male,42,3,Queenstown,1,1,15.5,0
1266,male,36,3,Southampton,0,0,7.8958,0
541,female,21,2,Southampton,0,0,13,1
369,male,19,2,Southampton,0,0,13,0
631,female,19,3,Southampton,1,0,7.8542,1
522,male,3,2,Southampton,1,1,26,1
44,female,44,1,Cherbourg,0,0,27.7208,1
276,female,59,1,Cherbourg,0,0,146.5208,1
1025,male,26,3,Queenstown,0,0,7.75,0
1093,male,42,3,Southampton,0,1,8.4042,0
992,female,21,3,Queenstown,0,0,7.75,1
607,female,24,2,Southampton,0,0,13,0
1283,male,28,3,Southampton,0,0,9.5,0
1179,male,16,3,Southampton,8,2,69.55,0
895,male,34,3,Southampton,0,0,6.4958,0
1310,male,45,3,Cherbourg,0,0,7.225,0
727,male,18,3,Southampton,0,0,8.05,1
1239,female,2,3,Southampton,0,1,10.4625,0
663,male,32,3,Southampton,1,0,15.85,0
622,male,26,3,Cherbourg,0,0,18.7875,1
741,female,16,3,Queenstown,0,0,7.75,1
34,male,39,1,Cherbourg,0,0,31,1
625,male,24,3,Southampton,0,0,7.05,0
367,female,35,2,Southampton,0,0,21,1
1126,male,22,3,Southampton,0,0,7.25,0
428,male,30,2,Southampton,0,0,13,0
936,male,22,3,Queenstown,1,0,7.75,0
214,female,31,1,Cherbourg,1,0,113.275,1
875,female,27,3,Southampton,0,0,7.925,1
465,male,40,2,Southampton,1,0,27,0
46,female,36,1,Cherbourg,0,0,76.2917,1
437,male,30,2,Southampton,0,0,10.5,0
1240,male,20,3,Southampton,0,0,8.05,1
351,male,29,2,Southampton,0,0,13,0
839,male,40,3,Southampton,0,0,8.05,0
1065,male,22,3,Southampton,0,0,7.8958,0
166,male,35,1,Southampton,1,0,90,1
679,male,22,3,Southampton,0,0,9.35,0
510,male,19,2,Southampton,0,0,10.5,1
985,male,20,3,Southampton,0,0,7.25,0
410,male,18,2,Southampton,0,0,13,0
963,female,12,3,Southampton,3,1,25.4667,0
150,female,35,1,Southampton,1,0,83.475,1
958,male,29,3,Southampton,0,0,7.775,0
567,male,30,2,Southampton,0,0,13.5,0
653,female,5,3,Southampton,4,2,31.3875,1
493,male,25,2,Southampton,0,0,10.5,0
860,female,21,3,Southampton,0,0,7.55,0
456,male,44,2,Southampton,1,0,26,0
385,female,8,2,Southampton,0,2,26.25,1
536,male,19,2,Southampton,0,0,10.5,0
463,male,33,2,Southampton,0,0,12.275,0
885,female,19,3,Cherbourg,1,0,14.4542,0
1050,female,18,3,Queenstown,1,0,15.5,1
380,male,29,2,Southampton,0,0,10.5,0
994,male,22,3,Southampton,0,0,7.125,0
658,male,30,3,Cherbourg,0,0,7.225,0
205,male,44,1,Southampton,2,0,90,0
973,female,25,3,Southampton,0,0,7.775,0
431,female,24,2,Southampton,0,2,14.5,1
26,male,37,1,Southampton,1,1,52.5542,1
370,male,54,2,Southampton,1,0,26,0
1143,male,19,3,Southampton,0,0,7.25,0
1238,female,29,3,Southampton,1,1,10.4625,0
278,male,62,1,Southampton,0,0,26.55,0
982,male,30,3,Southampton,1,0,16.1,0
1161,female,41,3,Southampton,0,2,20.2125,0
1263,female,27,3,Cherbourg,0,2,15.2458,1
300,female,37,1,Cherbourg,0,0,79.2,1
73,female,30,1,Southampton,0,0,86.5,1
51,female,38,1,Cherbourg,0,0,512.3292,1
535,female,60,2,Southampton,0,1,26,1
1223,male,26,3,Queenstown,0,0,7.75,0
654,male,3,3,Southampton,4,2,31.3875,1
291,male,52,1,Southampton,1,1,79.65,0
172,male,45,1,Southampton,0,0,0,0
870,female,23,3,Queenstown,0,0,7.75,0
548,male,36,2,Southampton,0,0,10.5,0
1110,male,16,3,Southampton,4,1,39.6875,0
1127,male,25,3,Southampton,1,0,7.775,1
136,female,59,1,Southampton,0,1,153.4625,1
311,female,39,1,Cherbourg,0,0,135.6333,1
58,male,28,1,Southampton,0,0,31,0
1262,male,25,3,Southampton,0,0,0,1
508,female,41,2,Southampton,0,1,19.5,1
212,male,36,1,Cherbourg,0,1,29.7,0
862,female,29,3,Queenstown,0,0,7.75,1
11,female,62,1,Cherbourg,1,0,77.9583,1
974,female,45,3,Southampton,0,0,7.75,0
534,male,18,2,Belfast,0,0,0,0
1149,male,7,3,Queenstown,4,1,29.125,0
609,female,39,3,Southampton,1,1,20.25,1
791,male,65,3,Queenstown,0,0,7.75,0
1097,male,28,3,Southampton,0,0,7.8542,0
769,male,16,3,Southampton,0,0,9.5,0
784,male,18,3,Southampton,0,0,8.05,1
266,male,57,1,Southampton,0,0,26,0
1230,male,33,3,Cherbourg,0,0,8.6625,0
768,male,36,3,Southampton,0,0,9.5,1
1058,male,22,3,Southampton,0,0,7.8958,0
459,male,41,2,Southampton,0,0,13,1
734,female,22,3,Queenstown,0,0,7.75,1
68,female,26,1,Southampton,0,0,78.85,1
31,female,19,1,Cherbourg,1,0,91.0792,1
492,male,36,2,Cherbourg,0,0,12.875,0
846,female,24,3,Southampton,0,0,8.85,0
1029,male,24,3,Southampton,0,0,7.8958,0
185,male,31,1,Cherbourg,0,0,27.7208,0
854,male,35,3,Cherbourg,0,0,7.2292,0
7,female,2,1,Southampton,1,2,151.55,0
253,male,47,1,Southampton,0,0,30.5,1
23,female,50,1,Cherbourg,0,1,247.5208,1
930,female,20,3,Queenstown,0,0,7.75,1
1010,male,24,3,Queenstown,2,0,23.25,1
906,male,19,3,Southampton,0,0,0,0
476,female,46,2,Queenstown,0,0,12.35,1
1300,male,28,3,Southampton,0,0,8.05,0
8,male,0.92,1,Southampton,1,2,151.55,1
298,female,42,1,Cherbourg,0,0,110.8833,1
228,female,22,1,Cherbourg,1,0,108.9,1
327,male,30,2,Cherbourg,1,0,24,0
106,female,31,1,Cherbourg,0,0,56.9292,1
156,female,24,1,Cherbourg,0,0,83.1583,1
250,female,18,1,Cherbourg,2,2,262.375,1
483,female,26,2,Southampton,1,1,26,0
868,male,28,3,Southampton,0,0,7.8958,0
438,male,47,2,Southampton,1,1,26.25,0
1070,female,26,3,Southampton,0,0,7.8542,1
473,female,24,2,Southampton,1,0,26,1
515,male,54,2,Southampton,0,0,14,0
315,female,31,1,Southampton,0,2,164.8667,1
270,female,39,1,Cherbourg,1,1,134.5,1
777,male,22,3,Southampton,0,0,7.25,0
759,male,27,3,Southampton,0,0,7.8958,0
568,female,30,2,Queenstown,0,0,12.35,1
365,female,28,2,Southampton,1,1,29,1
1177,male,19,3,Southampton,8,2,69.55,0
326,female,36,1,Cherbourg,0,0,135.6333,1
1078,male,61,3,Southampton,0,0,6.2375,0
336,female,36,2,Southampton,0,0,13,1
828,female,31,3,Southampton,1,1,20.525,1
161,female,17,1,Cherbourg,0,1,57.9792,1
1008,female,29,3,Queenstown,2,0,23.25,1
224,male,40,1,Southampton,0,0,28.5,0
135,male,38,1,Southampton,0,1,153.4625,0
1282,male,15,3,Southampton,2,0,18,0
121,female,42,1,Southampton,1,0,133.65,1
775,male,30,3,Southampton,0,0,7.8958,0
225,male,29,1,Southampton,1,0,66.6,0
273,female,41,1,Cherbourg,0,0,134.5,1
751,male,45,3,Southampton,0,0,8.05,1
33,male,45,1,Southampton,0,0,35.5,0
523,male,2,2,Southampton,1,1,26,1
116,female,24,1,Southampton,3,2,263,1
381,male,27,2,Southampton,0,0,13,0
561,male,25,2,Southampton,0,0,13,0
413,male,38,2,Southampton,0,0,13,0
4,female,18,1,Southampton,0,0,13,1
570,female,39,2,Southampton,0,0,13,1
743,male,9,3,Southampton,1,1,15.9,1
780,male,42,3,Southampton,0,0,8.6625,0
1090,male,23,3,Southampton,0,0,9.225,0
181,male,43,1,Southampton,0,0,35,0
799,male,17,3,Cherbourg,1,1,7.2292,0
644,male,25,3,Southampton,1,0,17.8,0
1291,male,25,3,Cherbourg,0,0,7.225,0
1273,male,28,3,Southampton,0,0,9.5,0
38,female,22,1,Southampton,0,1,55,1
415,female,38,2,Southampton,0,0,13,0
1013,female,22,3,Queenstown,0,0,7.8792,1
1032,female,23,3,Queenstown,0,0,7.8792,1
1214,male,40,3,Southampton,1,4,27.9,0
396,male,29,2,Cherbourg,1,0,27.7208,0
673,female,45,3,Cherbourg,0,1,14.4542,0
647,male,35,3,Southampton,0,0,7.05,0
1079,male,27,3,Queenstown,1,0,15.5,0
617,male,30,3,Southampton,0,0,7.25,0
306,female,60,1,Cherbourg,1,0,75.25,1
1042,female,35,3,Cherbourg,0,0,7.2292,1
892,female,26,3,Queenstown,0,0,7.75,1
19,female,24,1,Cherbourg,0,0,69.3,1
144,male,25,1,Cherbourg,1,0,55.4417,1
1295,male,18,3,Southampton,1,0,6.4958,0
677,male,18,3,Southampton,0,0,8.05,0
312,male,22,1,Cherbourg,0,0,135.6333,0
1107,female,3,3,Southampton,3,1,21.075,0
203,female,25,1,Cherbourg,1,0,82.1708,1
954,female,22,3,Southampton,0,0,7.25,1
320,male,27,1,Southampton,0,2,211.5,0
680,male,20,3,Cherbourg,0,0,4.0125,0
845,male,19,3,Southampton,0,0,7.775,0
17,female,46,1,Cherbourg,0,0,227.525,1
1057,female,1,3,Cherbourg,0,2,15.7417,1
1256,male,32,3,Southampton,0,0,7.925,0
164,female,35,1,Southampton,1,0,52,1
1136,male,27,3,Southampton,0,0,7.8958,0
391,male,21,2,Southampton,0,0,73.5,0
838,male,1,3,Southampton,5,2,46.9,0
360,female,36,2,Southampton,0,0,13,1
1172,male,20,3,Queenstown,0,0,7.7292,0
489,female,17,2,Cherbourg,0,0,12,1
57,male,36,1,Southampton,1,2,120,1
887,male,21,3,Southampton,0,0,7.7958,1
844,male,28,3,Southampton,2,0,7.925,0
215,female,23,1,Cherbourg,1,0,113.275,1
1192,female,24,3,Southampton,0,2,16.7,1
896,male,22,3,Southampton,0,0,7.7958,0
1096,female,31,3,Southampton,0,0,7.8542,0
507,male,46,2,Southampton,0,0,26,0
531,male,23,2,Southampton,0,0,10.5,0
578,female,26,2,Southampton,0,0,12.65,1
1074,male,39,3,Southampton,0,0,7.925,1
618,male,26,3,Southampton,0,0,8.05,0
916,female,21,3,Southampton,1,0,9.825,0
849,male,28,3,Southampton,1,0,15.85,0
1102,female,20,3,Southampton,0,0,8.6625,0
418,male,33,2,Southampton,1,0,21,0
1294,male,51,3,Southampton,0,0,7.75,0
554,male,3,2,Southampton,1,1,18.75,1
681,male,21,3,Southampton,0,0,7.775,0
966,female,3,3,Southampton,3,1,25.4667,0
1200,male,42,3,Southampton,0,0,7.8958,0
861,male,27,3,Queenstown,0,0,6.8583,0
207,female,33,1,Southampton,1,0,90,1
390,male,21,2,Belfast,0,0,0,0
1241,male,44,3,Southampton,0,0,7.925,1
1022,female,31,3,Southampton,0,0,8.05,0
404,female,34,2,Southampton,1,1,32.5,1
564,female,17,2,Southampton,0,2,13,1
503,male,30,2,Southampton,0,0,13,0
1276,female,10,3,Southampton,0,2,24.15,0
823,male,23,3,Cherbourg,0,0,7.8958,0
721,male,28,3,Queenstown,0,0,7.7333,0
1314,male,29,3,Southampton,0,0,7.875,0
757,female,28,3,Southampton,1,1,14.4,0
1162,male,18,3,Southampton,1,1,20.2125,0
1304,male,54,3,Southampton,0,0,7.25,0
378,female,28,2,Southampton,1,0,26,1
540,female,19,2,Southampton,0,0,26,1
809,male,28,3,Queenstown,0,0,7.75,0
1135,male,32,3,Southampton,0,0,8.05,1
32,male,28,1,Southampton,0,0,26.55,1
1255,female,32,3,Southampton,1,0,16.1,1
496,female,42,2,Southampton,1,0,26,1
917,male,17,3,Southampton,0,0,7.125,0
258,male,50,1,Cherbourg,1,0,55.9,0
62,female,13,1,Southampton,1,2,120,1
815,female,20,3,Southampton,2,2,34.375,0
553,female,23,2,Southampton,2,3,18.75,1
113,male,64,1,Southampton,1,4,263,0
481,male,31,2,Southampton,0,0,10.5,0
439,female,48,2,Southampton,1,1,26.25,1
851,male,19,3,Southampton,0,0,9.5,0
1134,male,25,3,Southampton,1,0,7.775,0
551,female,28,2,Southampton,0,0,13,1
894,male,29,3,Southampton,0,0,8.1125,1
99,male,4,1,Southampton,0,2,81.8583,1
509,female,13,2,Southampton,0,1,19.5,1
256,male,34,1,Southampton,0,0,26.55,1
670,female,5,3,Cherbourg,2,1,19.2583,1
230,male,52,1,Southampton,0,0,30.5,1
596,male,36,2,Southampton,1,2,27.75,0
847,male,28,3,Southampton,1,0,19.9667,0
112,male,30,1,Southampton,0,0,27.75,0
131,male,47,1,Cherbourg,1,0,89.1042,1
1123,male,24,3,Southampton,0,0,8.05,0
886,male,29,3,Cherbourg,0,0,7.8958,1
204,male,65,1,Cherbourg,0,0,26.55,0
177,female,31,1,Southampton,1,0,51.8625,1
576,female,48,2,Southampton,0,0,10.5,1
1083,male,16,3,Queenstown,0,0,7.75,0
10,male,47,1,Southampton,0,0,26.55,1
1039,male,34,3,Southampton,0,0,8.05,0
128,male,47,1,Southampton,0,0,38.5,0
512,male,48,2,Southampton,0,0,13,0
996,male,34,3,Southampton,0,0,8.05,0
802,male,37,3,Southampton,0,0,7.05,0
368,male,21,2,Belfast,0,0,0,0
262,male,56,1,Southampton,0,0,26.55,0
1198,male,22,3,Queenstown,0,0,7.725,0
672,female,0.75,3,Cherbourg,2,1,19.2583,1
927,male,39,3,Southampton,0,0,7.25,0
705,male,38,3,Southampton,0,0,8.6625,0
597,female,33,2,Southampton,1,2,27.75,1
471,female,23,2,Southampton,0,0,13.7917,1
1235,female,22,3,Southampton,0,0,9.8375,0
79,male,40,1,Southampton,0,0,52,0
549,male,33,2,Southampton,1,0,21,0
690,male,29,3,Southampton,1,0,7.0458,0
922,male,22,3,Southampton,0,0,7.5208,0
872,female,2,3,Southampton,0,1,12.2875,1
837,male,10,3,Southampton,5,2,46.9,0
414,male,37,2,Belfast,0,0,0,0
1165,male,50,3,Southampton,0,0,8.05,0
1268,female,63,3,Southampton,0,0,9.5875,1
30,male,25,1,Cherbourg,1,0,91.0792,1
964,female,8,3,Southampton,3,1,25.4667,0
167,female,31,1,Southampton,1,0,90,1
175,male,58,1,Cherbourg,0,0,29.7,0
1226,male,30,3,Southampton,0,0,8.05,0
744,male,3,3,Southampton,1,1,15.9,1
848,male,19,3,Southampton,1,0,19.9667,0
1302,male,21,3,Southampton,0,0,7.25,0
209,male,55,1,Southampton,0,0,30.5,0
14,male,71,1,Cherbourg,0,0,49.5042,0
1232,male,21,3,Southampton,0,0,8.05,0
1309,male,26,3,Cherbourg,0,0,14.4583,0
108,female,54,1,Cherbourg,1,0,78.2667,1
1204,male,55,3,Southampton,0,0,15.1,0
5,female,25,1,Southampton,1,2,151.55,0
1245,male,24,3,Southampton,0,0,7.7958,0
709,male,17,3,Southampton,0,0,8.6625,0
710,female,22,3,Queenstown,0,0,7.75,0
1089,female,21,3,Queenstown,0,0,7.6292,0
950,female,37,3,Southampton,0,0,9.5875,0
184,female,20,1,Southampton,0,0,86.5,1
227,male,24,1,Cherbourg,1,0,108.9,0
545,female,33,2,Southampton,0,2,26,1
41,male,37,1,Southampton,0,0,26.55,1
1092,male,28,3,Southampton,0,0,22.525,0
956,male,26,3,Southampton,0,0,56.4958,1
755,male,29,3,Queenstown,0,0,7.75,1
1292,male,66,3,Southampton,0,0,8.05,0
201,male,35,1,Southampton,0,0,26.2875,1
244,female,54,1,Cherbourg,1,0,59.4,1
729,male,24,3,Southampton,0,0,7.4958,0
304,male,48,1,Southampton,0,0,34.0208,0
491,female,34,2,Southampton,0,0,10.5,1
1168,male,29,3,Queenstown,0,0,24.15,0
332,female,36,2,Southampton,1,0,26,1
1117,male,32,3,Southampton,0,0,7.8958,0
155,female,33,1,Southampton,0,0,93.5,1
1287,male,21,3,Southampton,0,0,7.8958,0
949,male,30,3,Cherbourg,0,0,7.225,0
160,female,44,1,Cherbourg,0,1,57.9792,1
612,male,18,3,Cherbourg,0,0,7.2292,0
805,male,25,3,Queenstown,0,0,7.75,0
557,female,50,2,Southampton,0,0,10.5,1
286,male,57,1,Southampton,0,0,221.7792,0
1187,male,39,3,Southampton,0,0,7.925,0
452,male,23,2,Southampton,2,1,11.5,0
547,female,2,2,Southampton,1,1,26,1
1059,male,17,3,Cherbourg,0,0,7.2292,0
798,male,15,3,Cherbourg,1,1,7.2292,0
701,female,24,3,Cherbourg,0,2,22.3583,1
706,female,30,3,Southampton,0,0,8.6625,0
440,female,7,2,Southampton,0,2,26.25,1
47,male,46,1,Southampton,0,0,26.55,0
102,female,27,1,Cherbourg,0,0,106.425,1
1155,male,69,3,Southampton,0,0,14.5,0
125,female,22,1,Cherbourg,0,2,49.5,1
88,female,39,1,Southampton,0,2,71,1
635,female,9,3,Southampton,4,2,31.275,0
634,female,11,3,Southampton,4,2,31.275,0
339,male,32,2,Southampton,1,0,26,1
100,male,50,1,Cherbourg,1,0,106.425,0
217,male,64,1,Southampton,0,0,26,0
340,female,19,2,Southampton,1,0,26,1
530,male,26,2,Cherbourg,0,0,13.8625,1
827,male,33,3,Southampton,1,1,20.525,0
393,male,8,2,Southampton,1,1,36.75,1
299,male,17,1,Cherbourg,0,2,110.8833,1
562,male,27,2,Southampton,0,0,26,0
1081,male,21,3,Queenstown,0,0,7.8292,0
629,male,22,3,Cherbourg,0,0,7.225,1
1091,female,22,3,Southampton,0,0,7.775,1
325,male,62,1,Southampton,0,0,26.55,0
105,female,48,1,Cherbourg,1,0,39.6,1
292,female,39,1,Southampton,1,1,79.65,1
767,female,36,3,Southampton,1,0,17.4,1
1040,male,30,3,Queenstown,0,0,7.75,0
1211,male,40,3,Southampton,0,0,7.8958,0
526,male,28,2,Southampton,0,0,13.5,0
1208,male,39,3,Southampton,0,0,8.05,0
1020,female,63,3,Southampton,0,0,8.05,0
762,male,24,3,Southampton,2,0,24.15,0
1234,male,19,3,Southampton,0,0,7.8958,0
1104,female,29,3,Southampton,0,4,21.075,0
750,male,28,3,Cherbourg,0,0,7.2292,0
912,male,32,3,Southampton,0,0,7.8542,1
436,male,62,2,Southampton,0,0,10.5,1
13,female,53,1,Southampton,2,0,51.4792,1
111,male,36,1,Southampton,0,0,26.3875,1
931,female,22,3,Queenstown,0,0,7.75,1
1166,male,16,3,Southampton,0,0,8.05,0
1116,male,19,3,Southampton,0,0,14.5,0
419,female,34,2,Southampton,0,0,13,1
259,female,39,1,Cherbourg,1,0,55.9,1
714,female,18,3,Cherbourg,1,0,14.4583,0
914,male,32,3,Southampton,0,0,7.925,1
376,female,25,2,Southampton,1,1,30,1
297,female,39,1,Cherbourg,1,1,110.8833,1
402,male,55,2,Southampton,0,0,26,0
242,male,36,1,Southampton,0,0,40.125,0
1139,male,16,3,Cherbourg,0,0,8.7125,0
293,female,18,1,Southampton,0,2,79.65,1
467,male,47,2,Southampton,0,0,15,0
123,male,60,1,Cherbourg,1,1,79.2,1
824,male,22,3,Southampton,0,0,8.05,0
1049,male,22,3,Southampton,0,0,8.05,0
1153,male,35,3,Southampton,0,0,7.125,0
281,female,52,1,Cherbourg,1,0,78.2667,1
800,male,47,3,Southampton,0,0,7.25,0
686,female,40,3,Queenstown,0,2,7.75,0
373,male,36,2,Southampton,1,0,26,0
1274,male,36,3,Southampton,1,1,24.15,0
490,female,31,2,Southampton,0,0,33,1
901,male,49,3,Southampton,0,0,0,0
853,male,18,3,Cherbourg,0,0,7.225,0
104,male,49,1,Cherbourg,1,0,56.9292,1
466,female,24,2,Southampton,2,1,27,1
1220,male,42,3,Southampton,0,0,7.8958,0
211,male,37,1,Southampton,0,0,42.4,0
1260,male,44,3,Southampton,0,0,8.05,0
165,male,40,1,Southampton,0,0,26.55,1
975,male,36,3,Southampton,1,0,15.55,0
919,male,30,3,Southampton,0,0,7.8958,0
92,male,27,1,Southampton,0,0,30.5,1
486,female,22,2,Cherbourg,1,2,41.5792,1
138,female,40,1,Southampton,0,0,153.4625,1
633,female,39,3,Southampton,1,5,31.275,0
888,male,21,3,Southampton,0,0,7.05,0
1051,female,25,3,Queenstown,1,0,15.5,1
876,male,22,3,Queenstown,0,0,7.75,0
693,male,35,3,Southampton,0,0,8.05,0
444,female,24,2,Southampton,1,2,65,1
756,male,34,3,Southampton,1,1,14.4,0
983,female,26,3,Southampton,1,0,16.1,0
344,female,4,2,Southampton,2,1,39,1
421,male,26,2,Southampton,0,0,10.5,0
1306,male,27,3,Cherbourg,1,0,14.4542,0
178,male,42,1,Southampton,1,0,52.5542,1
1055,male,20,3,Cherbourg,1,1,15.7417,1
858,male,21,3,Southampton,0,0,7.8542,0
687,male,20,3,Southampton,0,0,16.1,0
289,male,61,1,Southampton,0,0,32.3208,0
478,male,52,2,Queenstown,0,0,12.35,0
191,female,21,1,Cherbourg,0,0,77.9583,1
683,male,26,3,Southampton,0,0,7.8958,0
1082,male,17,3,Queenstown,0,0,7.7333,0
21,male,47,1,Southampton,0,0,30,1
987,male,51,3,Southampton,0,0,7.0542,0
277,male,32,1,Southampton,0,0,30.5,1
223,male,29,1,Belfast,0,0,0,0
1217,female,9,3,Southampton,3,2,27.9,0
394,female,28,2,Southampton,0,0,13,1
967,male,32,3,Southampton,0,0,7.925,0
383,male,31,2,Southampton,1,1,26.25,0
1109,female,41,3,Southampton,0,5,39.6875,0
1254,male,36,3,Southampton,1,0,16.1,0
889,male,20,3,Southampton,0,0,7.8542,0
20,female,24,1,Cherbourg,0,0,69.3,1
1219,female,2,3,Southampton,3,2,27.9,0
722,male,32,3,Southampton,0,0,56.4958,1
671,female,4,3,Cherbourg,2,1,19.2583,1
146,male,48,1,Cherbourg,1,0,76.7292,1
739,male,19,3,Southampton,0,0,7.8958,0
260,male,56,1,Southampton,0,0,35.5,1
1299,male,18,3,Southampton,0,0,7.55,0
1231,female,24,3,Southampton,0,0,7.55,1
1031,male,23,3,Southampton,0,0,7.8958,0
401,female,19,2,Southampton,0,1,23,1
918,male,21,3,Southampton,0,0,8.4333,0
1088,female,16,3,Queenstown,0,0,7.8292,1
864,female,18,3,Queenstown,0,0,6.75,0
448,male,24,2,Southampton,2,0,73.5,0
1140,male,27,3,Southampton,0,0,7.8958,0
685,female,32,3,Queenstown,1,1,15.5,0
408,male,23,2,Southampton,0,0,13,0
213,male,58,1,Cherbourg,0,2,113.275,0
120,male,49,1,Southampton,2,0,133.65,1
666,male,40,3,Cherbourg,0,0,7.225,0
80,male,37,1,Southampton,0,0,25.5875,0
730,male,36,3,Southampton,0,0,7.4958,0
977,male,20,3,Southampton,1,0,7.925,1
447,male,30,2,Southampton,2,0,73.5,0
361,male,25,2,Southampton,0,0,13,0
1160,male,49,3,Southampton,0,0,7.775,0
736,male,43,3,Southampton,0,0,8.05,0
295,female,48,1,Southampton,1,0,52,1
356,female,40,2,Southampton,1,1,39,1
93,male,31,1,Southampton,1,0,52,0
513,male,71,2,Southampton,0,0,10.5,0
602,male,32,2,Southampton,0,0,13,1
587,male,15,2,Belfast,0,0,0,0
794,male,18,3,Southampton,0,0,7.775,0
1197,male,33,3,Southampton,0,0,8.05,0
1267,female,18,3,Southampton,0,0,9.8417,1
832,female,43,3,Southampton,1,6,46.9,0
52,male,36,1,Cherbourg,0,1,512.3292,1
1128,female,26,3,Queenstown,0,0,8.1375,0
147,male,27,1,Cherbourg,0,0,76.7292,1
1099,male,20,3,Southampton,0,0,9.225,0
834,male,14,3,Southampton,5,2,46.9,0
355,male,60,2,Southampton,1,1,39,0
485,male,25,2,Cherbourg,1,2,41.5792,0
1111,male,15,3,Southampton,4,1,39.6875,0
753,male,19,3,Southampton,0,0,10.1708,0
807,male,18,3,Southampton,0,0,7.7958,0
193,female,16,1,Southampton,0,1,211.3375,1
95,male,31,1,Southampton,1,0,57,1
924,female,4,3,Southampton,0,1,13.4167,1
952,male,37,3,Southampton,0,0,56.4958,1
1171,male,25,3,Cherbourg,0,0,7.225,0
307,male,59,1,Southampton,0,0,26.55,0
372,male,52,2,Southampton,0,0,13.5,0
929,male,44,3,Queenstown,0,0,8.05,0
1047,female,19,3,Queenstown,0,0,7.7333,1
296,male,49,1,Cherbourg,1,1,110.8833,0
878,male,42,3,Southampton,0,0,7.65,0
16,female,18,1,Cherbourg,1,0,227.525,1
257,male,35,1,Southampton,0,0,26.2875,1
674,female,12,3,Cherbourg,0,1,14.4542,0
820,male,29,3,Queenstown,0,0,7.7417,0
857,male,26,3,Southampton,1,0,7.8542,0
516,male,38,2,Southampton,0,0,26,0
477,female,45,2,Southampton,0,0,13.5,1
48,male,42,1,Southampton,0,0,26.2875,1
9,female,22,1,Southampton,0,0,151.55,1
1046,male,4,3,Cherbourg,1,1,15.2458,1
198,female,24,1,Cherbourg,0,0,49.5042,1
180,male,45,1,Southampton,0,0,26.55,0
294,male,48,1,Southampton,1,0,52,1
957,male,29,3,Southampton,0,0,9.4833,0
429,male,52,2,Southampton,0,0,13,0
1225,male,19,3,Southampton,0,0,7.65,0
18,female,39,1,Cherbourg,0,0,227.525,1
579,female,27,2,Southampton,0,0,10.5,1
1012,male,19,3,Queenstown,0,0,15.5,0
905,male,33,3,Southampton,0,0,7.775,0
435,female,6,2,Southampton,0,1,33,1
891,male,17,3,Southampton,1,0,7.0542,0
427,male,34,2,Southampton,0,0,13,0
455,male,50,2,Southampton,0,0,13,0
71,male,27,1,Southampton,1,0,53.1,1
1101,male,20,3,Southampton,0,0,8.6625,0
550,female,30,2,Southampton,3,0,21,1
1000,female,28,3,Queenstown,0,0,7.7375,1
358,male,25,2,Southampton,1,0,26,0
882,female,25,3,Southampton,1,0,7.925,0
1,female,29,1,Southampton,0,0,211.3375,1
879,male,11,3,Cherbourg,0,0,18.7875,0
479,male,39,2,Belfast,0,0,0,0
348,male,23,2,Southampton,0,0,13,0
577,male,23,2,Southampton,0,0,13,0
1301,male,28,3,Southampton,0,0,16.1,0
814,female,48,3,Southampton,1,3,34.375,0
53,male,35,1,Cherbourg,0,0,512.3292,1
883,male,20,3,Southampton,0,0,7.8958,0
1061,male,32,3,Southampton,0,0,7.8958,0
151,male,45,1,Southampton,0,0,30,1
66,male,36,1,Southampton,1,0,78.85,0
249,female,21,1,Cherbourg,2,2,262.375,1
1017,male,27,3,Southampton,1,0,16.1,0
1236,male,31,3,Southampton,0,0,7.925,1
86,male,70,1,Southampton,1,1,71,0
610,male,16,3,Southampton,1,1,20.25,0
566,female,30,2,Southampton,0,0,13,1
196,male,18,1,Southampton,1,0,53.1,0
732,male,31,3,Queenstown,0,0,7.75,0
594,female,4,2,Southampton,1,1,23,1
1035,male,7,3,Southampton,0,1,12.475,1
1272,male,35,3,Southampton,0,0,9.5,0
911,male,23,3,Southampton,0,0,7.8958,0
443,female,48,2,Southampton,1,2,65,1
432,male,1,2,Southampton,1,1,14.5,1
716,male,24,3,Southampton,0,0,7.7958,0
334,male,18,2,Southampton,0,0,11.5,0
1247,male,34,3,Southampton,0,0,8.05,0
183,female,34,1,Southampton,0,0,86.5,1
821,male,21,3,Southampton,0,0,14.5,0
1073,male,41,3,Southampton,0,0,7.125,0
852,male,27,3,Cherbourg,0,0,7.2292,1
60,female,36,1,Southampton,1,2,120,1
795,male,16,3,Southampton,0,0,7.775,0
162,female,51,1,Cherbourg,1,0,77.9583,1
42,male,45,1,Cherbourg,0,0,39.6,0
999,female,32,3,Queenstown,0,0,7.75,0
1038,male,27,3,Queenstown,1,0,24.15,0
840,male,32,3,Southampton,0,0,8.3625,0
972,male,24,3,Southampton,0,0,9.5,0
890,male,48,3,Southampton,0,0,7.8542,0
497,female,57,2,Southampton,0,0,10.5,0
797,male,29,3,Cherbourg,0,0,7.225,0
451,female,54,2,Southampton,1,3,23,1
1054,male,18,3,Southampton,0,0,7.75,0
1257,male,20,3,Queenstown,0,0,7.75,0
801,female,6,3,Southampton,0,0,12.475,1
937,male,22,3,Queenstown,0,0,7.7375,0
235,female,43,1,Southampton,0,1,211.3375,1
661,female,15,3,Cherbourg,0,0,7.2292,1
96,female,17,1,Southampton,1,0,57,1
190,male,29,1,Southampton,0,0,30,0
907,male,35,3,Southampton,1,2,23.45,0
626,male,25,3,Southampton,0,0,7.05,0
981,male,25,3,Southampton,0,0,7.25,0
1213,female,18,3,Southampton,0,0,7.4958,1
1148,male,8,3,Queenstown,4,1,29.125,0
772,male,1,3,Southampton,1,2,20.575,1
141,male,46,1,Cherbourg,0,0,79.2,0
926,male,23,3,Queenstown,0,0,7.75,0
420,male,18,2,Southampton,0,0,26,0
1176,female,20,3,Southampton,8,2,69.55,0
168,male,42,1,Cherbourg,0,0,30.6958,0
760,male,25,3,Southampton,0,0,7.8958,0
528,male,39,2,Southampton,0,0,13,0
182,female,49,1,Southampton,0,0,25.9292,1
668,female,31,3,Southampton,0,0,8.6833,1
1202,male,33,3,Cherbourg,0,0,7.2292,0
1275,female,30,3,Southampton,1,1,24.15,0
542,male,34,2,Southampton,0,0,13,0
384,female,31,2,Southampton,1,1,26.25,1
63,male,11,1,Southampton,1,2,120,1
1250,male,0.42,3,Cherbourg,0,1,8.5167,1
863,male,27,3,Southampton,0,0,6.975,1
898,male,31,3,Southampton,0,0,7.775,0
12,male,39,1,Belfast,0,0,0,0
1133,female,18,3,Southampton,0,0,7.775,0
511,male,31,2,Southampton,0,0,13,0
72,female,32,1,Southampton,1,0,53.1,1
623,male,23,3,Southampton,0,0,7.8875,0
971,male,39,3,Southampton,0,0,24.15,0
569,male,35,2,Southampton,0,0,10.5,0
636,female,6,3,Southampton,4,2,31.275,0
1259,male,22,3,Southampton,0,0,8.05,0
171,male,39,1,Southampton,0,0,0,0
866,female,23,3,Southampton,0,0,7.925,0
499,male,31,2,Cherbourg,1,1,37.0042,0
873,male,43,3,Southampton,0,0,6.45,0
1216,male,11,3,Southampton,3,2,27.9,0
154,female,52,1,Southampton,1,1,93.5,1
986,male,29,3,Southampton,0,0,8.6625,1
233,male,38,1,Southampton,0,0,0,0
1034,female,29,3,Southampton,0,1,12.475,1
1113,male,2,3,Southampton,4,1,39.6875,0
810,male,42,3,Queenstown,0,0,6.95,0
953,male,23,3,Southampton,0,0,56.4958,0
501,male,1,2,Cherbourg,0,2,37.0042,1
1007,male,19,3,Queenstown,0,0,7.75,1
283,female,62,1,Southampton,0,0,80,1
1307,female,15,3,Cherbourg,1,0,14.4542,1
555,male,0.75,2,Southampton,1,1,18.75,1
1170,male,30,3,Cherbourg,0,0,7.2292,0
660,male,23,3,Southampton,0,0,7.8542,0
628,male,15,3,Southampton,0,0,8.3,0
82,female,39,1,Cherbourg,1,1,83.1583,1
1115,male,21,3,Southampton,0,0,8.6625,0
1210,male,20,3,Southampton,0,0,8.05,0
720,male,32,3,Southampton,0,0,56.4958,1
195,male,28,1,Cherbourg,0,0,29.7,1
624,male,19,3,Southampton,0,0,7.925,0
517,male,16,2,Southampton,0,0,10.5,0
61,female,30,1,Southampton,0,0,31,1
989,male,30,3,Cherbourg,0,0,6.4375,0
749,male,17,3,Southampton,0,0,8.6625,0
608,male,40,3,Southampton,0,0,7.55,0
1178,male,18,3,Southampton,8,2,69.55,0
1003,male,35,3,Southampton,0,0,7.8958,0
434,male,39,2,Southampton,0,1,33,0
132,female,40,1,Cherbourg,1,0,89.1042,1
637,male,4,3,Southampton,4,2,31.275,0
1243,male,74,3,Southampton,0,0,7.775,0
698,female,7,3,Cherbourg,1,1,15.2458,0
189,female,16,1,Cherbourg,0,1,39.4,1
371,female,45,2,Southampton,1,0,26,0
620,female,18,3,Southampton,0,1,9.35,1
314,female,45,1,Southampton,1,1,164.8667,1
91,male,51,1,Southampton,0,0,26.55,1
669,female,24,3,Cherbourg,0,3,19.2583,1
1142,male,30,3,Cherbourg,0,0,7.2292,0
855,male,41,3,Southampton,2,0,14.1083,0
424,male,20,2,Southampton,1,0,11.5,0
290,female,46,1,Southampton,0,0,25.9292,1
1180,female,14,3,Southampton,8,2,69.55,0
426,male,24,2,Southampton,0,0,13,0
363,female,42,2,Southampton,0,0,13,1
407,female,27,2,Cherbourg,1,0,13.8583,1
237,male,31,1,Southampton,0,0,50.4958,0
1277,male,23,3,Southampton,0,0,9.5,0
903,male,4,3,Southampton,1,1,11.1333,1
667,male,26,3,Southampton,0,0,7.8958,0
27,female,46,1,Southampton,1,1,52.5542,1
54,male,33,1,Southampton,0,0,5,0
1278,male,46,3,Southampton,0,0,9,0
328,female,28,2,Cherbourg,1,0,24,1
1311,female,15,3,Cherbourg,0,0,7.225,1
842,male,19,3,Southampton,0,0,9.8458,0
1131,male,19,3,Southampton,0,0,7.8958,0
951,male,23,3,Southampton,0,0,7.8958,0
232,female,56,1,Cherbourg,0,1,83.1583,1
563,female,25,2,Southampton,0,1,26,1
1004,male,33,3,Cherbourg,0,0,7.8958,0
752,female,22,3,Southampton,0,0,10.5167,0
337,male,28,2,Southampton,0,0,10.5,0
1242,male,25,3,Southampton,0,0,7.05,0
1146,female,39,3,Queenstown,0,5,29.125,0
514,male,27,2,Southampton,0,0,13,0
137,female,19,1,Southampton,0,0,30,1
910,female,7,3,Southampton,1,2,23.45,0
28,male,26,1,Cherbourg,0,0,30,1
783,male,43,3,Queenstown,0,0,7.75,0
